mode,listener_id,training_listeners,rep,seed,mae_db
isophon,1,147,0,0,5.03539890414467
isophon,1,147,1,1,5.493948529834918
isophon,2,147,0,2,5.431450864237447
isophon,2,147,1,3,5.411107091994409
isophon,3,147,0,4,4.8036420672863605
isophon,3,147,1,5,5.035187467352497
isophon,4,147,0,6,4.644792736007175
isophon,4,147,1,7,4.980248928741863
isophon,5,147,0,8,4.385122733269675
isophon,5,147,1,9,6.973811611151913
isophon,6,147,0,10,5.177236484048893
isophon,6,147,1,11,6.680885358838107
isophon,7,147,0,12,3.7885373034133294
isophon,7,147,1,13,5.206856954007438
isophon,8,147,0,14,4.7864866770645405
isophon,8,147,1,15,5.072340168857085
isophon,9,147,0,16,7.5305649560803865
isophon,9,147,1,17,4.606908837447496
isophon,10,147,0,18,6.6071410720024515
isophon,10,147,1,19,7.25637406278231
isophon,11,147,0,20,5.815729742610918
isophon,11,147,1,21,12.107756901121816
isophon,12,147,0,22,5.209819960112784
isophon,12,147,1,23,5.084068256340297
isophon,13,147,0,24,5.903704164838522
isophon,13,147,1,25,5.025665640602264
isophon,14,147,0,26,5.461857071982872
isophon,14,147,1,27,4.95383805572321
isophon,15,147,0,28,5.09162304574864
isophon,15,147,1,29,4.800438658052688
isophon,16,147,0,30,3.6213725803273813
isophon,16,147,1,31,3.5875607851952647
isophon,17,147,0,32,5.401898310159411
isophon,17,147,1,33,4.85238337794586
isophon,18,147,0,34,5.633206373993115
isophon,18,147,1,35,4.418415563133836
isophon,19,147,0,36,5.6071103940011335
isophon,19,147,1,37,6.0723488836332375
isophon,20,147,0,38,4.367057898709219
isophon,20,147,1,39,3.80740965850463
isophon,21,147,0,40,4.69156362337007
isophon,21,147,1,41,4.624214685619018
isophon,22,147,0,42,7.049674371092364
isophon,22,147,1,43,9.991060632565679
isophon,23,147,0,44,4.479547059893623
isophon,23,147,1,45,4.503189702185719
isophon,24,147,0,46,6.791882457049215
isophon,24,147,1,47,7.510627361430294
isophon,25,147,0,48,4.415968803498107
isophon,25,147,1,49,7.461738484410192
isophon,26,147,0,50,4.8499695279643
isophon,26,147,1,51,4.708288577260154
isophon,27,147,0,52,9.462369142652213
isophon,27,147,1,53,6.2118010336772
isophon,28,147,0,54,4.980647020223844
isophon,28,147,1,55,5.129450039740796
isophon,29,147,0,56,4.938713511930929
isophon,29,147,1,57,4.7458197697502715
isophon,30,147,0,58,5.024107551629703
isophon,30,147,1,59,5.631662949543301
isophon,31,147,0,60,15.059596528112868
isophon,31,147,1,61,9.336176906942882
isophon,32,147,0,62,3.589161898604849
isophon,32,147,1,63,4.19564570761999
isophon,33,147,0,64,5.501626187766786
isophon,33,147,1,65,5.7434679444177625
isophon,34,147,0,66,5.413566863234568
isophon,34,147,1,67,5.374392977716459
isophon,35,147,0,68,5.00958464199969
isophon,35,147,1,69,4.981622280938713
isophon,36,147,0,70,5.26486760861324
isophon,36,147,1,71,5.586922102784144
isophon,37,147,0,72,5.91508383795799
isophon,37,147,1,73,4.615069716205069
isophon,38,147,0,74,4.2930404216097795
isophon,38,147,1,75,5.0723702000097655
isophon,39,147,0,76,5.0631532265486525
isophon,39,147,1,77,5.3860300078582615
isophon,40,147,0,78,7.075593941166519
isophon,40,147,1,79,6.473342979621879
isophon,41,147,0,80,5.989320349397007
isophon,41,147,1,81,5.813119414219869
isophon,42,147,0,82,11.177031913126262
isophon,42,147,1,83,4.781979470650139
isophon,43,147,0,84,4.893053845018903
isophon,43,147,1,85,5.24487616767554
isophon,44,147,0,86,6.5761661528561675
isophon,44,147,1,87,6.608670863319033
isophon,45,147,0,88,3.7822638570240956
isophon,45,147,1,89,3.5182768480936564
isophon,46,147,0,90,4.342391563947319
isophon,46,147,1,91,3.9562465031639134
isophon,47,147,0,92,5.009614246862056
isophon,47,147,1,93,15.691632037958843
isophon,48,147,0,94,6.040815812063582
isophon,48,147,1,95,5.218648657025488
isophon,49,147,0,96,4.704515691560322
isophon,49,147,1,97,4.777640154124718
isophon,50,147,0,98,7.485216461997149
isophon,50,147,1,99,7.676712307672403
isophon,51,147,0,100,6.409693326823682
isophon,51,147,1,101,4.53117760859059
isophon,52,147,0,102,5.2140482594745095
isophon,52,147,1,103,8.198686623617565
isophon,53,147,0,104,5.580287325082708
isophon,53,147,1,105,5.119829883792899
isophon,54,147,0,106,10.514177678298608
isophon,54,147,1,107,4.489750720601199
isophon,55,147,0,108,7.734748059033027
isophon,55,147,1,109,4.50574244531235
isophon,56,147,0,110,5.923356707526211
isophon,56,147,1,111,6.2064392953373
isophon,57,147,0,112,4.7605447534747
isophon,57,147,1,113,10.974949481224877
isophon,58,147,0,114,6.1253342562973
isophon,58,147,1,115,5.320697323495603
isophon,59,147,0,116,4.349161896314107
isophon,59,147,1,117,5.124393385556891
isophon,60,147,0,118,5.162036529016477
isophon,60,147,1,119,6.958587405006727
isophon,61,147,0,120,7.293203243009585
isophon,61,147,1,121,4.88564923708314
isophon,62,147,0,122,4.874744446281872
isophon,62,147,1,123,5.623025937289165
isophon,63,147,0,124,6.045330719914241
isophon,63,147,1,125,4.875462304028208
isophon,64,147,0,126,4.748894483332855
isophon,64,147,1,127,4.766178307711008
isophon,65,147,0,128,6.245520743310791
isophon,65,147,1,129,5.109440082407187
isophon,66,147,0,130,6.118245388730081
isophon,66,147,1,131,8.612787074045507
isophon,67,147,0,132,4.631936472943584
isophon,67,147,1,133,4.408916550448321
isophon,68,147,0,134,6.558131555673288
isophon,68,147,1,135,4.42370600412587
isophon,69,147,0,136,4.838664114907947
isophon,69,147,1,137,5.417424098486207
isophon,70,147,0,138,4.19259476319537
isophon,70,147,1,139,3.5462567263564533
isophon,71,147,0,140,5.154718814632117
isophon,71,147,1,141,3.850570792602158
isophon,72,147,0,142,4.571634727313884
isophon,72,147,1,143,3.6458346873670235
isophon,73,147,0,144,4.8390517623368385
isophon,73,147,1,145,4.828775846617974
isophon,74,147,0,146,3.2077643895231285
isophon,74,147,1,147,10.010895340074631
isophon,75,147,0,148,6.124134345411045
isophon,75,147,1,149,5.169229033049442
isophon,76,147,0,150,4.916031318396509
isophon,76,147,1,151,6.509155560649824
isophon,77,147,0,152,4.334447059094996
isophon,77,147,1,153,4.11214186608397
isophon,78,147,0,154,17.293598721378793
isophon,78,147,1,155,14.424504680447837
isophon,79,147,0,156,5.553474274542624
isophon,79,147,1,157,4.9218929187879485
isophon,80,147,0,158,4.335169857165855
isophon,80,147,1,159,9.053645505707918
isophon,81,147,0,160,6.095997657504959
isophon,81,147,1,161,5.611765592568329
isophon,82,147,0,162,5.538308068092424
isophon,82,147,1,163,5.087789179964642
isophon,83,147,0,164,3.3862948062903455
isophon,83,147,1,165,5.0849253865314505
isophon,84,147,0,166,7.027750943237354
isophon,84,147,1,167,7.555344411487926
isophon,85,147,0,168,6.854985295488368
isophon,85,147,1,169,5.4563422215096375
isophon,86,147,0,170,6.022385126539048
isophon,86,147,1,171,6.303724796786849
isophon,87,147,0,172,4.701042689136122
isophon,87,147,1,173,3.5623446256667672
isophon,88,147,0,174,4.619997539403004
isophon,88,147,1,175,4.652679139447343
isophon,89,147,0,176,5.789256623027458
isophon,89,147,1,177,7.1241873454169165
isophon,90,147,0,178,4.644627383169329
isophon,90,147,1,179,8.20263619760318
isophon,91,147,0,180,4.143959521308583
isophon,91,147,1,181,4.0498081025272645
isophon,92,147,0,182,8.212451442666989
isophon,92,147,1,183,5.002638956404075
isophon,93,147,0,184,3.1820839381795656
isophon,93,147,1,185,2.9551966115554342
isophon,94,147,0,186,4.241187017394423
isophon,94,147,1,187,4.588849750246133
isophon,95,147,0,188,9.121508054110842
isophon,95,147,1,189,6.13232239345127
isophon,96,147,0,190,12.394942249445002
isophon,96,147,1,191,7.094505848584132
isophon,97,147,0,192,6.7639607667265
isophon,97,147,1,193,3.1434521142797824
isophon,98,147,0,194,4.619562508248086
isophon,98,147,1,195,4.765541175908806
isophon,99,147,0,196,6.771780708038467
isophon,99,147,1,197,6.790143690373762
isophon,100,147,0,198,6.5030022559698315
isophon,100,147,1,199,6.952260886464651
isophon,101,147,0,200,3.4686106500161613
isophon,101,147,1,201,19.24304787288847
isophon,102,147,0,202,4.34900856054478
isophon,102,147,1,203,3.9975773300290767
isophon,103,147,0,204,7.659636572697056
isophon,103,147,1,205,6.103708438218371
isophon,104,147,0,206,21.32866301760646
isophon,104,147,1,207,6.032789885364057
isophon,105,147,0,208,4.193816365898727
isophon,105,147,1,209,4.202384814929656
isophon,106,147,0,210,4.731692169550968
isophon,106,147,1,211,9.389750103476137
isophon,107,147,0,212,3.345360900783442
isophon,107,147,1,213,3.388132974899061
isophon,108,147,0,214,4.030978102850675
isophon,108,147,1,215,4.02454991658145
isophon,109,147,0,216,5.6924556906212676
isophon,109,147,1,217,5.14992727125619
isophon,110,147,0,218,8.397035623746257
isophon,110,147,1,219,6.379206182974772
isophon,111,147,0,220,3.9605522816562986
isophon,111,147,1,221,4.024146114733037
isophon,112,147,0,222,7.710964559653338
isophon,112,147,1,223,6.345880821286539
isophon,113,147,0,224,3.7139929268222893
isophon,113,147,1,225,3.5016382745216896
isophon,114,147,0,226,3.442782852347489
isophon,114,147,1,227,3.9348188352560327
isophon,115,147,0,228,4.526363195743054
isophon,115,147,1,229,4.909253825426907
isophon,116,147,0,230,7.382126365158719
isophon,116,147,1,231,3.6938668885688912
isophon,117,147,0,232,5.080542455869143
isophon,117,147,1,233,4.418086579110818
isophon,118,147,0,234,10.545292506266787
isophon,118,147,1,235,9.565925367877764
isophon,119,147,0,236,5.114440846041592
isophon,119,147,1,237,4.291881597426885
isophon,120,147,0,238,10.207516136559622
isophon,120,147,1,239,4.440554138143689
isophon,121,147,0,240,6.649006345565625
isophon,121,147,1,241,5.929413595904117
isophon,122,147,0,242,9.471798052640455
isophon,122,147,1,243,6.912597193554626
isophon,123,147,0,244,4.272235230631173
isophon,123,147,1,245,5.326939800256493
isophon,124,147,0,246,9.708519862972455
isophon,124,147,1,247,3.958638108351733
isophon,125,147,0,248,4.121138420355661
isophon,125,147,1,249,4.377282490991594
isophon,126,147,0,250,4.729427784949502
isophon,126,147,1,251,5.797884103149912
isophon,127,147,0,252,8.242001201654901
isophon,127,147,1,253,10.572406211623885
isophon,128,147,0,254,5.970342892434143
isophon,128,147,1,255,5.972318956217707
isophon,129,147,0,256,4.627806965239637
isophon,129,147,1,257,11.0724438448704
isophon,130,147,0,258,3.8215967481394184
isophon,130,147,1,259,4.029035705812792
isophon,131,147,0,260,10.506864124048434
isophon,131,147,1,261,10.988288869863236
isophon,132,147,0,262,3.829105843779593
isophon,132,147,1,263,3.6863858290356437
isophon,133,147,0,264,5.994519555840699
isophon,133,147,1,265,6.784935768161675
isophon,134,147,0,266,4.616682008872171
isophon,134,147,1,267,4.930944045531121
isophon,135,147,0,268,4.411848607559233
isophon,135,147,1,269,4.179521973506376
isophon,136,147,0,270,3.9171758607767737
isophon,136,147,1,271,4.484383984348744
isophon,137,147,0,272,8.085767940375966
isophon,137,147,1,273,7.187450683565373
isophon,138,147,0,274,5.8618391070320195
isophon,138,147,1,275,5.4722299968176165
isophon,139,147,0,276,4.751023203997047
isophon,139,147,1,277,4.143743791209857
isophon,140,147,0,278,7.26984015639772
isophon,140,147,1,279,5.433884313318835
isophon,141,147,0,280,8.54503055473389
isophon,141,147,1,281,5.368004907708101
isophon,142,147,0,282,4.313536230763403
isophon,142,147,1,283,3.2593442524319154
isophon,143,147,0,284,5.30280954589303
isophon,143,147,1,285,5.4577134889363
isophon,144,147,0,286,6.54656450579081
isophon,144,147,1,287,6.141309318362517
isophon,145,147,0,288,7.443681646056574
isophon,145,147,1,289,6.832304742353581
isophon,146,147,0,290,6.414664081790992
isophon,146,147,1,291,6.001165726469427
isophon,147,147,0,292,4.79797113173228
isophon,147,147,1,293,4.046782246211632
isophon,148,147,0,294,6.076255904611546
isophon,148,147,1,295,6.36763436793528
