mode,listener_id,rep_i,rep_j,mad_db
isophon,1,0,1,4.076731157302857
isophon,2,0,1,1.2899045181274413
isophon,3,0,1,2.229152212142944
isophon,4,0,1,3.78350830078125
isophon,5,0,1,5.902745962142944
isophon,6,0,1,7.052263021469116
isophon,7,0,1,4.298897857666016
isophon,8,0,1,2.7541952610015867
isophon,9,0,1,6.1580984497070315
isophon,10,0,1,1.7581917190551757
isophon,11,0,1,8.559720249176026
isophon,12,0,1,2.0033708572387696
isophon,13,0,1,4.777700815200806
isophon,14,0,1,2.8190558624267577
isophon,15,0,1,2.333708953857422
isophon,16,0,1,1.3911675834655761
isophon,17,0,1,1.81609037399292
isophon,18,0,1,4.409264545440674
isophon,19,0,1,2.3541080856323244
isophon,20,0,1,1.5577369499206544
isophon,21,0,1,1.128278169631958
isophon,22,0,1,4.309001379013061
isophon,23,0,1,1.5951520538330077
isophon,24,0,1,6.110949029922486
isophon,25,0,1,6.437951030731202
isophon,26,0,1,4.140714168548584
isophon,27,0,1,8.201723613739013
isophon,28,0,1,1.7102998161315919
isophon,29,0,1,2.653643798828125
isophon,30,0,1,6.3196195602417
isophon,31,0,1,10.845882959365845
isophon,32,0,1,2.127281608581543
isophon,33,0,1,4.388968677520752
isophon,34,0,1,2.662302074432373
isophon,35,0,1,2.0795302200317383
isophon,36,0,1,1.4520614528656006
isophon,37,0,1,2.844163246154785
isophon,38,0,1,4.2955723571777344
isophon,39,0,1,2.654945526123047
isophon,40,0,1,3.9934229278564453
isophon,41,0,1,3.6964729118347166
isophon,42,0,1,12.616779947280884
isophon,43,0,1,1.8232998275756835
isophon,44,0,1,1.4245395374298095
isophon,45,0,1,1.460521011352539
isophon,46,0,1,1.2112250518798828
isophon,47,0,1,17.443140144348146
isophon,48,0,1,2.1661799240112303
isophon,49,0,1,2.776161756515503
isophon,50,0,1,3.9544528770446776
isophon,51,0,1,5.321518630981445
isophon,52,0,1,6.888392448425293
isophon,53,0,1,2.386942071914673
isophon,54,0,1,12.67338747024536
isophon,55,0,1,8.13968479156494
isophon,56,0,1,1.7100097846984863
isophon,57,0,1,8.542219829559325
isophon,58,0,1,4.19813793182373
isophon,59,0,1,2.47084641456604
isophon,60,0,1,3.9847450828552247
isophon,61,0,1,4.877514915466309
isophon,62,0,1,2.906801223754883
isophon,63,0,1,4.622461433410645
isophon,64,0,1,1.4790372085571288
isophon,65,0,1,3.3089085388183594
isophon,66,0,1,9.218059520721436
isophon,67,0,1,2.667518196105957
isophon,68,0,1,3.769761962890625
isophon,69,0,1,2.621452751159668
isophon,70,0,1,3.7150856018066407
isophon,71,0,1,3.1894107627868653
isophon,72,0,1,2.621646327972412
isophon,73,0,1,0.759228515625
isophon,74,0,1,10.734915580749512
isophon,75,0,1,5.040589046478272
isophon,76,0,1,2.9860192108154298
isophon,77,0,1,0.9018413352966309
isophon,78,0,1,4.763534011840821
isophon,79,0,1,3.916244831085205
isophon,80,0,1,7.172230796813965
isophon,81,0,1,5.782218914031983
isophon,82,0,1,2.6268577194213867
isophon,83,0,1,3.270176582336426
isophon,84,0,1,2.8351680183410646
isophon,85,0,1,3.532284126281738
isophon,86,0,1,3.703900146484375
isophon,87,0,1,3.42484619140625
isophon,88,0,1,3.4584060764312743
isophon,89,0,1,2.8989547729492187
isophon,90,0,1,4.474629211425781
isophon,91,0,1,3.809379987716675
isophon,92,0,1,6.305025215148926
isophon,93,0,1,0.5879354858398438
isophon,94,0,1,2.0029434967041015
isophon,95,0,1,7.139857139587402
isophon,96,0,1,9.374912147521973
isophon,97,0,1,4.951105270385742
isophon,98,0,1,1.7448823165893554
isophon,99,0,1,0.7249438762664795
isophon,100,0,1,1.950134048461914
isophon,101,0,1,19.879599084854124
isophon,102,0,1,1.0979868698120117
isophon,103,0,1,4.30460147857666
isophon,104,0,1,19.402499294281007
isophon,105,0,1,3.424189176559448
isophon,106,0,1,7.112253351211548
isophon,107,0,1,1.2233043670654298
isophon,108,0,1,1.4387092208862304
isophon,109,0,1,1.3039109802246094
isophon,110,0,1,3.085480604171753
isophon,111,0,1,2.1134652137756347
isophon,112,0,1,2.0044274139404297
isophon,113,0,1,1.8698120498657227
isophon,114,0,1,2.382710266113281
isophon,115,0,1,3.8700090312957762
isophon,116,0,1,6.388792190551758
isophon,117,0,1,1.9162499618530273
isophon,118,0,1,2.0926442432403562
isophon,119,0,1,3.093945388793945
isophon,120,0,1,10.649291534423828
isophon,121,0,1,4.8386703300476075
isophon,122,0,1,2.6904409408569334
isophon,123,0,1,2.4527001571655274
isophon,124,0,1,8.904499263763428
isophon,125,0,1,1.684821662902832
isophon,126,0,1,1.876440200805664
isophon,127,0,1,3.455178680419922
isophon,128,0,1,1.3106271171569823
isophon,129,0,1,10.987420597076415
isophon,130,0,1,1.9498709869384765
isophon,131,0,1,0.7521516418457032
isophon,132,0,1,1.2415833282470703
isophon,133,0,1,4.368352727890015
isophon,134,0,1,3.2512783718109133
isophon,135,0,1,2.916313495635986
isophon,136,0,1,2.608600950241089
isophon,137,0,1,1.9427767562866212
isophon,138,0,1,1.1948254585266114
isophon,139,0,1,2.411264991760254
isophon,140,0,1,5.336763563156128
isophon,141,0,1,4.348183765411377
isophon,142,0,1,2.520252170562744
isophon,143,0,1,3.1545049953460693
isophon,144,0,1,1.0363397979736328
isophon,145,0,1,2.963433237075806
isophon,146,0,1,2.654194507598877
isophon,147,0,1,2.2670834350585936
isophon,148,0,1,2.7083485984802245
